Kennziffer;RS;Raumeinheit;Aggregat;Siedlung;Stadt_Land;Raumordnung;dutch
01001;1001;Flensburg, Stadt;krsfr. Stadt;4,0;2,0;102,0;8
01002;1002;Kiel, Stadt;krsfr. Stadt;1,0;1,0;101,0;8
01003;1003;Lübeck, Stadt;krsfr. Stadt;1,0;1,0;103,0;8
01004;1004;Neumünster, Stadt;krsfr. Stadt;3,0;2,0;101,0;6
01051;1051;Dithmarschen;Landkreis;4,0;2,0;105,0;7
01053;1053;Herzogtum Lauenburg;Landkreis;3,0;2,0;104,0;2
01054;1054;Nordfriesland;Landkreis;4,0;2,0;102,0;7
01055;1055;Ostholstein;Landkreis;3,0;2,0;103,0;4
01056;1056;Pinneberg;Landkreis;2,0;1,0;104,0;5
01057;1057;Plön;Landkreis;3,0;2,0;101,0;1
01058;1058;Rendsburg-Eckernförde;Landkreis;3,0;2,0;101,0;3
01059;1059;Schleswig-Flensburg;Landkreis;4,0;2,0;102,0;2
01060;1060;Segeberg;Landkreis;3,0;2,0;104,0;4
01061;1061;Steinburg;Landkreis;4,0;2,0;105,0;2
01062;1062;Stormarn;Landkreis;2,0;1,0;104,0;4
02000;2000;Hamburg, Stadt;krsfr. Stadt;1,0;1,0;201,0;8
03101;3101;Braunschweig, Stadt;krsfr. Stadt;1,0;1,0;301,0;8
03102;3102;Salzgitter, Stadt;krsfr. Stadt;2,0;1,0;301,0;8
03103;3103;Wolfsburg, Stadt;krsfr. Stadt;1,0;1,0;301,0;6
03151;3151;Gifhorn;Landkreis;4,0;2,0;301,0;1
03152;3152;Göttingen;Landkreis;2,0;1,0;305,0;8
03153;3153;Goslar;Landkreis;3,0;2,0;301,0;4
03154;3154;Helmstedt;Landkreis;3,0;2,0;301,0;4
03155;3155;Northeim;Landkreis;4,0;2,0;305,0;2
03156;3156;Osterode am Harz;Landkreis;3,0;2,0;305,0;4
03157;3157;Peine;Landkreis;2,0;1,0;301,0;2
03158;3158;Wolfenbüttel;Landkreis;2,0;1,0;301,0;2
03241;3241;Region Hannover;Landkreis;2,0;1,0;307,0;6
03251;3251;Diepholz;Landkreis;3,0;2,0;302,0;1
03252;3252;Hameln-Pyrmont;Landkreis;2,0;1,0;308,0;4
03254;3254;Hildesheim;Landkreis;2,0;1,0;308,0;4
03255;3255;Holzminden;Landkreis;4,0;2,0;305,0;2
03256;3256;Nienburg (Weser);Landkreis;4,0;2,0;307,0;2
03257;3257;Schaumburg;Landkreis;2,0;1,0;307,0;4
03351;3351;Celle;Landkreis;4,0;2,0;313,0;2
03352;3352;Cuxhaven;Landkreis;4,0;2,0;303,0;2
03353;3353;Harburg;Landkreis;2,0;1,0;306,0;1
03354;3354;Lüchow-Dannenberg;Landkreis;4,0;2,0;309,0;2
03355;3355;Lüneburg;Landkreis;4,0;2,0;309,0;6
03356;3356;Osterholz;Landkreis;2,0;1,0;302,0;2
03357;3357;Rotenburg (Wümme);Landkreis;4,0;2,0;306,0;7
03358;3358;Heidekreis;Landkreis;4,0;2,0;313,0;7
03359;3359;Stade;Landkreis;3,0;2,0;306,0;3
03360;3360;Uelzen;Landkreis;4,0;2,0;309,0;4
03361;3361;Verden;Landkreis;3,0;2,0;302,0;2
03401;3401;Delmenhorst, Stadt;krsfr. Stadt;3,0;2,0;302,0;6
03402;3402;Emden, Stadt;krsfr. Stadt;3,0;2,0;312,0;6
03403;3403;Oldenburg (Oldenburg), Stadt;krsfr. Stadt;1,0;1,0;310,0;8
03404;3404;Osnabrück, Stadt;krsfr. Stadt;1,0;1,0;311,0;10
03405;3405;Wilhelmshaven, Stadt;krsfr. Stadt;2,0;1,0;312,0;8
03451;3451;Ammerland;Landkreis;2,0;1,0;310,0;3
03452;3452;Aurich;Landkreis;3,0;2,0;312,0;5
03453;3453;Cloppenburg;Landkreis;4,0;2,0;310,0;1
03454;3454;Emsland;Landkreis;4,0;2,0;304,0;1
03455;3455;Friesland;Landkreis;2,0;1,0;312,0;3
03456;3456;Grafschaft Bentheim;Landkreis;4,0;2,0;304,0;3
03457;3457;Leer;Landkreis;3,0;2,0;312,0;5
03458;3458;Oldenburg;Landkreis;3,0;2,0;310,0;2
03459;3459;Osnabrück;Landkreis;3,0;2,0;311,0;3
03460;3460;Vechta;Landkreis;3,0;2,0;311,0;3
03461;3461;Wesermarsch;Landkreis;4,0;2,0;303,0;2
03462;3462;Wittmund;Landkreis;4,0;2,0;312,0;7
04011;4011;Bremen, Stadt;krsfr. Stadt;1,0;1,0;401,0;8
04012;4012;Bremerhaven, Stadt;krsfr. Stadt;1,0;1,0;303,0;8
05111;5111;Düsseldorf, Stadt;krsfr. Stadt;1,0;1,0;508,0;8
05112;5112;Duisburg, Stadt;krsfr. Stadt;1,0;1,0;507,0;6
05113;5113;Essen, Stadt;krsfr. Stadt;1,0;1,0;507,0;6
05114;5114;Krefeld, Stadt;krsfr. Stadt;1,0;1,0;508,0;8
05116;5116;Mönchengladbach, Stadt;krsfr. Stadt;1,0;1,0;508,0;8
05117;5117;Mülheim an der Ruhr, Stadt;krsfr. Stadt;1,0;1,0;507,0;6
05119;5119;Oberhausen, Stadt;krsfr. Stadt;1,0;1,0;507,0;6
05120;5120;Remscheid, Stadt;krsfr. Stadt;1,0;1,0;508,0;8
05122;5122;Solingen, Stadt;krsfr. Stadt;1,0;1,0;508,0;8
05124;5124;Wuppertal, Stadt;krsfr. Stadt;1,0;1,0;508,0;8
05154;5154;Kleve;Landkreis;2,0;1,0;507,0;5
05158;5158;Mettmann;Landkreis;2,0;1,0;508,0;6
05162;5162;Rhein-Kreis Neuss;Landkreis;2,0;1,0;508,0;5
05166;5166;Viersen;Landkreis;2,0;1,0;508,0;5
05170;5170;Wesel;Landkreis;2,0;1,0;507,0;5
05314;5314;Bonn, Stadt;krsfr. Stadt;1,0;1,0;505,0;10
05315;5315;Köln, Stadt;krsfr. Stadt;1,0;1,0;510,0;8
05316;5316;Leverkusen, Stadt;krsfr. Stadt;1,0;1,0;510,0;8
05334;5334;Städteregion Aachen;Landkreis;2,0;1,0;501,0;6
05358;5358;Düren;Landkreis;2,0;1,0;501,0;6
05362;5362;Rhein-Erft-Kreis;Landkreis;2,0;1,0;510,0;5
05366;5366;Euskirchen;Landkreis;2,0;1,0;501,0;3
05370;5370;Heinsberg;Landkreis;2,0;1,0;501,0;5
05374;5374;Oberbergischer Kreis;Landkreis;2,0;1,0;510,0;6
05378;5378;Rheinisch-Bergischer Kreis;Landkreis;2,0;1,0;510,0;5
05382;5382;Rhein-Sieg-Kreis;Landkreis;2,0;1,0;505,0;5
05512;5512;Bottrop, Stadt;krsfr. Stadt;1,0;1,0;509,0;6
05513;5513;Gelsenkirchen, Stadt;krsfr. Stadt;1,0;1,0;509,0;6
05515;5515;Münster, Stadt;krsfr. Stadt;1,0;1,0;511,0;8
05554;5554;Borken;Landkreis;2,0;1,0;511,0;5
05558;5558;Coesfeld;Landkreis;2,0;1,0;511,0;5
05562;5562;Recklinghausen;Landkreis;2,0;1,0;509,0;6
05566;5566;Steinfurt;Landkreis;2,0;1,0;511,0;5
05570;5570;Warendorf;Landkreis;2,0;1,0;511,0;5
05711;5711;Bielefeld, Stadt;krsfr. Stadt;1,0;1,0;503,0;8
05754;5754;Gütersloh;Landkreis;2,0;1,0;503,0;5
05758;5758;Herford;Landkreis;2,0;1,0;503,0;5
05762;5762;Höxter;Landkreis;3,0;2,0;512,0;3
05766;5766;Lippe;Landkreis;2,0;1,0;503,0;5
05770;5770;Minden-Lübbecke;Landkreis;2,0;1,0;503,0;6
05774;5774;Paderborn;Landkreis;2,0;1,0;512,0;5
05911;5911;Bochum, Stadt;krsfr. Stadt;1,0;1,0;504,0;6
05913;5913;Dortmund, Stadt;krsfr. Stadt;1,0;1,0;506,0;6
05914;5914;Hagen, Stadt;krsfr. Stadt;1,0;1,0;504,0;6
05915;5915;Hamm, Stadt;krsfr. Stadt;1,0;1,0;506,0;6
05916;5916;Herne, Stadt;krsfr. Stadt;1,0;1,0;504,0;6
05954;5954;Ennepe-Ruhr-Kreis;Landkreis;2,0;1,0;504,0;6
05958;5958;Hochsauerlandkreis;Landkreis;3,0;2,0;502,0;3
05962;5962;Märkischer Kreis;Landkreis;2,0;1,0;504,0;6
05966;5966;Olpe;Landkreis;2,0;1,0;513,0;5
05970;5970;Siegen-Wittgenstein;Landkreis;2,0;1,0;513,0;6
05974;5974;Soest;Landkreis;2,0;1,0;502,0;6
05978;5978;Unna;Landkreis;2,0;1,0;506,0;6
06411;6411;Darmstadt, Stadt;krsfr. Stadt;1,0;1,0;605,0;8
06412;6412;Frankfurt am Main, Stadt;krsfr. Stadt;1,0;1,0;604,0;8
06413;6413;Offenbach am Main, Stadt;krsfr. Stadt;1,0;1,0;604,0;8
06414;6414;Wiesbaden, Stadt;krsfr. Stadt;1,0;1,0;604,0;8
06431;6431;Bergstraße;Landkreis;2,0;1,0;605,0;5
06432;6432;Darmstadt-Dieburg;Landkreis;2,0;1,0;605,0;5
06433;6433;Groß-Gerau;Landkreis;2,0;1,0;605,0;5
06434;6434;Hochtaunuskreis;Landkreis;2,0;1,0;604,0;6
06435;6435;Main-Kinzig-Kreis;Landkreis;2,0;1,0;604,0;5
06436;6436;Main-Taunus-Kreis;Landkreis;2,0;1,0;604,0;5
06437;6437;Odenwaldkreis;Landkreis;2,0;1,0;605,0;2
06438;6438;Offenbach;Landkreis;2,0;1,0;604,0;5
06439;6439;Rheingau-Taunus-Kreis;Landkreis;2,0;1,0;604,0;5
06440;6440;Wetteraukreis;Landkreis;2,0;1,0;604,0;5
06531;6531;Gießen;Landkreis;2,0;1,0;601,0;8
06532;6532;Lahn-Dill-Kreis;Landkreis;2,0;1,0;601,0;6
06533;6533;Limburg-Weilburg;Landkreis;2,0;1,0;601,0;6
06534;6534;Marburg-Biedenkopf;Landkreis;3,0;2,0;601,0;8
06535;6535;Vogelsbergkreis;Landkreis;4,0;2,0;601,0;7
06611;6611;Kassel, Stadt;krsfr. Stadt;1,0;1,0;602,0;10
06631;6631;Fulda;Landkreis;3,0;2,0;603,0;3
06632;6632;Hersfeld-Rotenburg;Landkreis;4,0;2,0;603,0;3
06633;6633;Kassel;Landkreis;2,0;1,0;602,0;2
06634;6634;Schwalm-Eder-Kreis;Landkreis;3,0;2,0;602,0;2
06635;6635;Waldeck-Frankenberg;Landkreis;4,0;2,0;602,0;9
06636;6636;Werra-Meißner-Kreis;Landkreis;3,0;2,0;602,0;2
07111;7111;Koblenz, Stadt;krsfr. Stadt;1,0;1,0;701,0;10
07131;7131;Ahrweiler;Landkreis;3,0;2,0;701,0;3
07132;7132;Altenkirchen (Westerwald);Landkreis;2,0;1,0;701,0;5
07133;7133;Bad Kreuznach;Landkreis;3,0;2,0;702,0;3
07134;7134;Birkenfeld;Landkreis;4,0;2,0;702,0;9
07135;7135;Cochem-Zell;Landkreis;4,0;2,0;701,0;7
07137;7137;Mayen-Koblenz;Landkreis;2,0;1,0;701,0;5
07138;7138;Neuwied;Landkreis;2,0;1,0;701,0;6
07140;7140;Rhein-Hunsrück-Kreis;Landkreis;3,0;2,0;701,0;7
07141;7141;Rhein-Lahn-Kreis;Landkreis;2,0;1,0;701,0;3
07143;7143;Westerwaldkreis;Landkreis;2,0;1,0;701,0;5
07211;7211;Trier, Stadt;krsfr. Stadt;1,0;1,0;704,0;10
07231;7231;Bernkastel-Wittlich;Landkreis;4,0;2,0;704,0;7
07232;7232;Eifelkreis Bitburg-Prüm;Landkreis;4,0;2,0;704,0;7
07233;7233;Vulkaneifel;Landkreis;4,0;2,0;704,0;7
07235;7235;Trier-Saarburg;Landkreis;3,0;2,0;704,0;1
07311;7311;Frankenthal (Pfalz), Stadt;krsfr. Stadt;2,0;1,0;703,0;6
07312;7312;Kaiserslautern, Stadt;krsfr. Stadt;2,0;1,0;705,0;8
07313;7313;Landau in der Pfalz, Stadt;krsfr. Stadt;2,0;1,0;703,0;10
07314;7314;Ludwigshafen am Rhein, Stadt;krsfr. Stadt;1,0;1,0;703,0;8
07315;7315;Mainz, kreisfreie Stadt;krsfr. Stadt;1,0;1,0;702,0;8
07316;7316;Neustadt an der Weinstraße, Stadt;krsfr. Stadt;2,0;1,0;703,0;8
07317;7317;Pirmasens, Stadt;krsfr. Stadt;3,0;2,0;705,0;8
07318;7318;Speyer, Stadt;krsfr. Stadt;2,0;1,0;703,0;10
07319;7319;Worms, Stadt;krsfr. Stadt;2,0;1,0;702,0;6
07320;7320;Zweibrücken, Stadt;krsfr. Stadt;3,0;2,0;705,0;6
07331;7331;Alzey-Worms;Landkreis;2,0;1,0;702,0;5
07332;7332;Bad Dürkheim;Landkreis;2,0;1,0;703,0;5
07333;7333;Donnersbergkreis;Landkreis;3,0;2,0;705,0;7
07334;7334;Germersheim;Landkreis;2,0;1,0;703,0;5
07335;7335;Kaiserslautern;Landkreis;2,0;1,0;705,0;5
07336;7336;Kusel;Landkreis;3,0;2,0;705,0;1
07337;7337;Südliche Weinstraße;Landkreis;2,0;1,0;703,0;1
07338;7338;Rhein-Pfalz-Kreis;Landkreis;2,0;1,0;703,0;5
07339;7339;Mainz-Bingen;Landkreis;2,0;1,0;702,0;5
07340;7340;Südwestpfalz;Landkreis;3,0;2,0;705,0;1
08111;8111;Stuttgart;krsfr. Stadt;1,0;1,0;810,0;8
08115;8115;Böblingen;Landkreis;2,0;1,0;810,0;5
08116;8116;Esslingen;Landkreis;2,0;1,0;810,0;5
08117;8117;Göppingen;Landkreis;2,0;1,0;810,0;5
08118;8118;Ludwigsburg;Landkreis;2,0;1,0;810,0;5
08119;8119;Rems-Murr-Kreis;Landkreis;2,0;1,0;810,0;5
08121;8121;Heilbronn;krsfr. Stadt;1,0;1,0;803,0;8
08125;8125;Heilbronn;Landkreis;2,0;1,0;803,0;5
08126;8126;Hohenlohekreis;Landkreis;3,0;2,0;803,0;5
08127;8127;Schwäbisch Hall;Landkreis;3,0;2,0;803,0;1
08128;8128;Main-Tauber-Kreis;Landkreis;4,0;2,0;803,0;3
08135;8135;Heidenheim;Landkreis;2,0;1,0;808,0;5
08136;8136;Ostalbkreis;Landkreis;2,0;1,0;808,0;5
08211;8211;Baden-Baden;krsfr. Stadt;2,0;1,0;805,0;10
08212;8212;Karlsruhe;krsfr. Stadt;1,0;1,0;805,0;8
08215;8215;Karlsruhe;Landkreis;2,0;1,0;805,0;5
08216;8216;Rastatt;Landkreis;2,0;1,0;805,0;5
08221;8221;Heidelberg;krsfr. Stadt;1,0;1,0;812,0;10
08222;8222;Mannheim;krsfr. Stadt;1,0;1,0;812,0;8
08225;8225;Neckar-Odenwald-Kreis;Landkreis;3,0;2,0;812,0;2
08226;8226;Rhein-Neckar-Kreis;Landkreis;2,0;1,0;812,0;5
08231;8231;Pforzheim;Landkreis;1,0;1,0;807,0;8
08235;8235;Calw;Landkreis;2,0;1,0;807,0;3
08236;8236;Enzkreis;Landkreis;2,0;1,0;807,0;5
08237;8237;Freudenstadt;Landkreis;3,0;2,0;807,0;2
08311;8311;Freiburg im Breisgau;krsfr. Stadt;1,0;1,0;811,0;10
08315;8315;Breisgau-Hochschwarzwald;Landkreis;2,0;1,0;811,0;5
08316;8316;Emmendingen;Landkreis;2,0;1,0;811,0;6
08317;8317;Ortenaukreis;Landkreis;2,0;1,0;811,0;6
08325;8325;Rottweil;Landkreis;2,0;1,0;809,0;5
08326;8326;Schwarzwald-Baar-Kreis;Landkreis;2,0;1,0;809,0;6
08327;8327;Tuttlingen;Landkreis;2,0;1,0;809,0;5
08335;8335;Konstanz;Landkreis;2,0;1,0;804,0;6
08336;8336;Lörrach;Landkreis;2,0;1,0;804,0;5
08337;8337;Waldshut;Landkreis;3,0;2,0;804,0;5
08415;8415;Reutlingen;Landkreis;2,0;1,0;806,0;5
08416;8416;Tübingen;Landkreis;2,0;1,0;806,0;8
08417;8417;Zollernalbkreis;Landkreis;2,0;1,0;806,0;5
08421;8421;Ulm;krsfr. Stadt;1,0;1,0;802,0;10
08425;8425;Alb-Donau-Kreis;Landkreis;3,0;2,0;802,0;1
08426;8426;Biberach;Landkreis;3,0;2,0;802,0;1
08435;8435;Bodenseekreis;Landkreis;2,0;1,0;801,0;5
08436;8436;Ravensburg;Landkreis;2,0;1,0;801,0;3
08437;8437;Sigmaringen;Landkreis;3,0;2,0;801,0;1
09161;9161;Ingolstadt, Stadt;krsfr. Stadt;1,0;1,0;907,0;8
09162;9162;München, Stadt;krsfr. Stadt;1,0;1,0;910,0;8
09163;9163;Rosenheim, Stadt;krsfr. Stadt;2,0;1,0;916,0;10
09171;9171;Altötting;Landkreis;2,0;1,0;916,0;6
09172;9172;Berchtesgadener Land;Landkreis;3,0;2,0;916,0;6
09173;9173;Bad Tölz-Wolfratshausen;Landkreis;4,0;2,0;913,0;3
09174;9174;Dachau;Landkreis;2,0;1,0;910,0;6
09175;9175;Ebersberg;Landkreis;2,0;1,0;910,0;5
09176;9176;Eichstätt;Landkreis;3,0;2,0;907,0;1
09177;9177;Erding;Landkreis;3,0;2,0;910,0;1
09178;9178;Freising;Landkreis;2,0;1,0;910,0;5
09179;9179;Fürstenfeldbruck;Landkreis;2,0;1,0;910,0;5
09180;9180;Garmisch-Partenkirchen;Landkreis;4,0;2,0;913,0;9
09181;9181;Landsberg am Lech;Landkreis;3,0;2,0;910,0;1
09182;9182;Miesbach;Landkreis;3,0;2,0;913,0;3
09183;9183;Mühldorf a.Inn;Landkreis;3,0;2,0;916,0;2
09184;9184;München;Landkreis;2,0;1,0;910,0;5
09185;9185;Neuburg-Schrobenhausen;Landkreis;4,0;2,0;907,0;1
09186;9186;Pfaffenhofen a.d.Ilm;Landkreis;3,0;2,0;907,0;1
09187;9187;Rosenheim;Landkreis;2,0;1,0;916,0;9
09188;9188;Starnberg;Landkreis;2,0;1,0;910,0;8
09189;9189;Traunstein;Landkreis;3,0;2,0;916,0;3
09190;9190;Weilheim-Schongau;Landkreis;3,0;2,0;913,0;5
09261;9261;Landshut, Stadt;krsfr. Stadt;3,0;2,0;908,0;10
09262;9262;Passau, Stadt;krsfr. Stadt;3,0;2,0;905,0;10
09263;9263;Straubing, Stadt;krsfr. Stadt;4,0;2,0;905,0;10
09271;9271;Deggendorf;Landkreis;4,0;2,0;905,0;9
09272;9272;Freyung-Grafenau;Landkreis;4,0;2,0;905,0;7
09273;9273;Kelheim;Landkreis;3,0;2,0;915,0;1
09274;9274;Landshut;Landkreis;3,0;2,0;908,0;1
09275;9275;Passau;Landkreis;3,0;2,0;905,0;7
09276;9276;Regen;Landkreis;4,0;2,0;905,0;7
09277;9277;Rottal-Inn;Landkreis;4,0;2,0;908,0;7
09278;9278;Straubing-Bogen;Landkreis;4,0;2,0;905,0;1
09279;9279;Dingolfing-Landau;Landkreis;3,0;2,0;908,0;1
09361;9361;Amberg, Stadt;krsfr. Stadt;4,0;2,0;914,0;10
09362;9362;Regensburg, Stadt;krsfr. Stadt;1,0;1,0;915,0;10
09363;9363;Weiden i.d.OPf., Stadt;krsfr. Stadt;4,0;2,0;914,0;10
09371;9371;Amberg-Sulzbach;Landkreis;4,0;2,0;914,0;7
09372;9372;Cham;Landkreis;4,0;2,0;915,0;7
09373;9373;Neumarkt i.d.OPf.;Landkreis;4,0;2,0;915,0;7
09374;9374;Neustadt a.d.Waldnaab;Landkreis;4,0;2,0;914,0;7
09375;9375;Regensburg;Landkreis;3,0;2,0;915,0;1
09376;9376;Schwandorf;Landkreis;4,0;2,0;914,0;7
09377;9377;Tirschenreuth;Landkreis;4,0;2,0;914,0;7
09461;9461;Bamberg, Stadt;krsfr. Stadt;3,0;2,0;912,0;10
09462;9462;Bayreuth, Stadt;krsfr. Stadt;4,0;2,0;911,0;10
09463;9463;Coburg, Stadt;krsfr. Stadt;3,0;2,0;912,0;10
09464;9464;Hof, Stadt;krsfr. Stadt;3,0;2,0;911,0;8
09471;9471;Bamberg;Landkreis;3,0;2,0;912,0;1
09472;9472;Bayreuth;Landkreis;4,0;2,0;911,0;7
09473;9473;Coburg;Landkreis;3,0;2,0;912,0;1
09474;9474;Forchheim;Landkreis;3,0;2,0;912,0;5
09475;9475;Hof;Landkreis;3,0;2,0;911,0;2
09476;9476;Kronach;Landkreis;3,0;2,0;912,0;1
09477;9477;Kulmbach;Landkreis;4,0;2,0;911,0;3
09478;9478;Lichtenfels;Landkreis;3,0;2,0;912,0;9
09479;9479;Wunsiedel i.Fichtelgebirge;Landkreis;3,0;2,0;911,0;2
09561;9561;Ansbach, Stadt;krsfr. Stadt;4,0;2,0;917,0;10
09562;9562;Erlangen, Stadt;krsfr. Stadt;1,0;1,0;906,0;10
09563;9563;Fürth, Stadt;krsfr. Stadt;1,0;1,0;906,0;8
09564;9564;Nürnberg, Stadt;krsfr. Stadt;1,0;1,0;906,0;8
09565;9565;Schwabach, Stadt;krsfr. Stadt;3,0;2,0;906,0;6
09571;9571;Ansbach;Landkreis;4,0;2,0;917,0;1
09572;9572;Erlangen-Höchstadt;Landkreis;2,0;1,0;906,0;5
09573;9573;Fürth;Landkreis;2,0;1,0;906,0;5
09574;9574;Nürnberger Land;Landkreis;2,0;1,0;906,0;6
09575;9575;Neustadt a.d.Aisch-Bad Windsheim;Landkreis;4,0;2,0;917,0;7
09576;9576;Roth;Landkreis;3,0;2,0;906,0;1
09577;9577;Weißenburg-Gunzenhausen;Landkreis;4,0;2,0;917,0;7
09661;9661;Aschaffenburg, Stadt;krsfr. Stadt;2,0;1,0;903,0;10
09662;9662;Schweinfurt, Stadt;krsfr. Stadt;3,0;2,0;909,0;10
09663;9663;Würzburg, Stadt;krsfr. Stadt;1,0;1,0;918,0;10
09671;9671;Aschaffenburg;Landkreis;2,0;1,0;903,0;5
09672;9672;Bad Kissingen;Landkreis;4,0;2,0;909,0;9
09673;9673;Rhön-Grabfeld;Landkreis;4,0;2,0;909,0;9
09674;9674;Haßberge;Landkreis;4,0;2,0;909,0;1
09675;9675;Kitzingen;Landkreis;3,0;2,0;918,0;2
09676;9676;Miltenberg;Landkreis;2,0;1,0;903,0;5
09677;9677;Main-Spessart;Landkreis;4,0;2,0;918,0;7
09678;9678;Schweinfurt;Landkreis;3,0;2,0;909,0;1
09679;9679;Würzburg;Landkreis;2,0;1,0;918,0;5
09761;9761;Augsburg, Stadt;krsfr. Stadt;1,0;1,0;902,0;8
09762;9762;Kaufbeuren, Stadt;krsfr. Stadt;4,0;2,0;901,0;10
09763;9763;Kempten (Allgäu), Stadt;krsfr. Stadt;4,0;2,0;901,0;8
09764;9764;Memmingen, Stadt;krsfr. Stadt;3,0;2,0;904,0;8
09771;9771;Aichach-Friedberg;Landkreis;3,0;2,0;902,0;1
09772;9772;Augsburg;Landkreis;2,0;1,0;902,0;5
09773;9773;Dillingen a.d.Donau;Landkreis;3,0;2,0;902,0;7
09774;9774;Günzburg;Landkreis;2,0;1,0;904,0;3
09775;9775;Neu-Ulm;Landkreis;2,0;1,0;904,0;5
09776;9776;Lindau (Bodensee);Landkreis;2,0;1,0;901,0;6
09777;9777;Ostallgäu;Landkreis;4,0;2,0;901,0;1
09778;9778;Unterallgäu;Landkreis;3,0;2,0;904,0;1
09779;9779;Donau-Ries;Landkreis;3,0;2,0;902,0;1
09780;9780;Oberallgäu;Landkreis;4,0;2,0;901,0;1
10041;10041;Regionalverband Saarbrücken;Landkreis;2,0;1,0;1001,0;8
10042;10042;Merzig-Wadern;Landkreis;2,0;1,0;1001,0;2
10043;10043;Neunkirchen;Landkreis;2,0;1,0;1001,0;6
10044;10044;Saarlouis;Landkreis;2,0;1,0;1001,0;6
10045;10045;Saarpfalz-Kreis;Landkreis;2,0;1,0;1001,0;6
10046;10046;St. Wendel;Landkreis;2,0;1,0;1001,0;5
11000;11000;Berlin, Stadt;krsfr. Stadt;1,0;1,0;1101,0;8
12051;12051;Brandenburg an der Havel, Stadt;krsfr. Stadt;4,0;2,0;1201,0;8
12052;12052;Cottbus, Stadt;krsfr. Stadt;3,0;2,0;1202,0;8
12053;12053;Frankfurt (Oder), Stadt;krsfr. Stadt;3,0;2,0;1203,0;8
12054;12054;Potsdam, Stadt;krsfr. Stadt;1,0;1,0;1201,0;8
12060;12060;Barnim;Landkreis;3,0;2,0;1205,0;2
12061;12061;Dahme-Spreewald;Landkreis;4,0;2,0;1202,0;1
12062;12062;Elbe-Elster;Landkreis;4,0;2,0;1202,0;7
12063;12063;Havelland;Landkreis;4,0;2,0;1201,0;1
12064;12064;Märkisch-Oderland;Landkreis;4,0;2,0;1203,0;1
12065;12065;Oberhavel;Landkreis;4,0;2,0;1204,0;5
12066;12066;Oberspreewald-Lausitz;Landkreis;4,0;2,0;1202,0;7
12067;12067;Oder-Spree;Landkreis;3,0;2,0;1203,0;3
12068;12068;Ostprignitz-Ruppin;Landkreis;4,0;2,0;1204,0;9
12069;12069;Potsdam-Mittelmark;Landkreis;4,0;2,0;1201,0;1
12070;12070;Prignitz;Landkreis;4,0;2,0;1204,0;2
12071;12071;Spree-Neiße;Landkreis;3,0;2,0;1202,0;7
12072;12072;Teltow-Fläming;Landkreis;4,0;2,0;1201,0;2
12073;12073;Uckermark;Landkreis;4,0;2,0;1205,0;7
13003;13003;Rostock, Stadt;krsfr. Stadt;1,0;1,0;1302,0;8
13004;13004;Schwerin, Stadt;krsfr. Stadt;3,0;2,0;1304,0;10
13071;13071;Mecklenburgische Seenplatte;Landkreis;4,0;2,0;1301,0;3
13072;13072;Landkreis Rostock;Landkreis;4,0;2,0;1302,0;2
13073;13073;Vorpommern-Rügen;Landkreis;4,0;2,0;1303,0;2
13074;13074;Nordwestmecklenburg;Landkreis;3,0;2,0;1304,0;7
13075;13075;Vorpommern-Greifswald;Landkreis;4,0;2,0;1303,0;9
13076;13076;Ludwigslust-Parchim;Landkreis;4,0;2,0;1304,0;7
14511;14511;Chemnitz, Stadt;krsfr. Stadt;1,0;1,0;1403,0;8
14521;14521;Erzgebirgskreis;Landkreis;2,0;1,0;1403,0;3
14522;14522;Mittelsachsen;Landkreis;3,0;2,0;1403,0;3
14523;14523;Vogtlandkreis;Landkreis;3,0;2,0;1403,0;3
14524;14524;Zwickau;Landkreis;2,0;1,0;1403,0;6
14612;14612;Dresden, Stadt;krsfr. Stadt;1,0;1,0;1401,0;8
14625;14625;Bautzen;Landkreis;3,0;2,0;1402,0;3
14626;14626;Görlitz;Landkreis;4,0;2,0;1402,0;3
14627;14627;Meißen;Landkreis;3,0;2,0;1401,0;3
14628;14628;Sächsische Schweiz-Osterzgebirge;Landkreis;3,0;2,0;1401,0;2
14713;14713;Leipzig, Stadt;krsfr. Stadt;1,0;1,0;1404,0;8
14729;14729;Leipzig;Landkreis;3,0;2,0;1404,0;3
14730;14730;Nordsachsen;Landkreis;4,0;2,0;1404,0;3
15001;15001;Dessau-Roßlau, Stadt;krsfr. Stadt;2,0;1,0;1502,0;8
15002;15002;Halle (Saale), Stadt;krsfr. Stadt;1,0;1,0;1503,0;8
15003;15003;Magdeburg, Stadt;krsfr. Stadt;1,0;1,0;1504,0;8
15081;15081;Altmarkkreis Salzwedel;Landkreis;3,0;2,0;1501,0;7
15082;15082;Anhalt-Bitterfeld;Landkreis;2,0;1,0;1502,0;3
15083;15083;Börde;Landkreis;4,0;2,0;1504,0;7
15084;15084;Burgenlandkreis;Landkreis;3,0;2,0;1503,0;2
15085;15085;Harz;Landkreis;3,0;2,0;1504,0;4
15086;15086;Jerichower Land;Landkreis;4,0;2,0;1504,0;9
15087;15087;Mansfeld-Südharz;Landkreis;4,0;2,0;1503,0;2
15088;15088;Saalekreis;Landkreis;3,0;2,0;1503,0;1
15089;15089;Salzlandkreis;Landkreis;3,0;2,0;1504,0;4
15090;15090;Stendal;Landkreis;4,0;2,0;1501,0;9
15091;15091;Wittenberg;Landkreis;4,0;2,0;1502,0;7
16051;16051;Erfurt, Stadt;krsfr. Stadt;1,0;1,0;1601,0;8
16052;16052;Gera, Stadt;krsfr. Stadt;2,0;1,0;1603,0;8
16053;16053;Jena, Stadt;krsfr. Stadt;1,0;1,0;1603,0;8
16054;16054;Suhl, Stadt;krsfr. Stadt;4,0;2,0;1604,0;8
16055;16055;Weimar, Stadt;krsfr. Stadt;2,0;1,0;1601,0;8
16056;16056;Eisenach, Stadt;krsfr. Stadt;3,0;2,0;1604,0;8
16061;16061;Eichsfeld;Landkreis;3,0;2,0;1602,0;3
16062;16062;Nordhausen;Landkreis;4,0;2,0;1602,0;9
16063;16063;Wartburgkreis;Landkreis;3,0;2,0;1604,0;1
16064;16064;Unstrut-Hainich-Kreis;Landkreis;4,0;2,0;1602,0;9
16065;16065;Kyffhäuserkreis;Landkreis;4,0;2,0;1602,0;7
16066;16066;Schmalkalden-Meiningen;Landkreis;4,0;2,0;1604,0;3
16067;16067;Gotha;Landkreis;3,0;2,0;1601,0;1
16068;16068;Sömmerda;Landkreis;4,0;2,0;1601,0;1
16069;16069;Hildburghausen;Landkreis;4,0;2,0;1604,0;9
16070;16070;Ilm-Kreis;Landkreis;3,0;2,0;1601,0;1
16071;16071;Weimarer Land;Landkreis;2,0;1,0;1601,0;9
16072;16072;Sonneberg;Landkreis;4,0;2,0;1604,0;3
16073;16073;Saalfeld-Rudolstadt;Landkreis;4,0;2,0;1603,0;3
16074;16074;Saale-Holzland-Kreis;Landkreis;3,0;2,0;1603,0;3
16075;16075;Saale-Orla-Kreis;Landkreis;4,0;2,0;1603,0;1
16076;16076;Greiz;Landkreis;2,0;1,0;1603,0;2
16077;16077;Altenburger Land;Landkreis;3,0;2,0;1603,0;3
